교과군,과목명,과목 개요,담당 교사 코멘트 (평가 방식 및 추천 대상 등)
국어,공통국어1,문학과 언어 활동을 통해 비판적 사고력과 문학적 심미안을 기르는 공통 필수 과목입니다.,담당 선생님께서 입력하실 영역입니다. (예: 수능 대비 전략 등)
국어,공통국어2,다양한 매체와 독서 활동을 통해 종합적인 의사소통 및 문제 해결력을 함양하는 과목입니다.,담당 선생님께서 입력하실 영역입니다. (예: 수능 대비 전략 등)
국어,문학,문학 작품의 감상과 비평을 통해 인간과 세계를 이해하고 인문학적 소양을 기르는 일반선택 과목입니다.,담당 선생님께서 입력하실 영역입니다. (예: 수능 대비 전략 등)
국어,화법과 언어,구어 및 매체 의사소통의 원리를 익히고 올바른 언어 규범과 언어생활을 성찰하는 과목입니다.,담당 선생님께서 입력하실 영역입니다. (예: 수능 대비 전략 등)
국어,독서와 작문,논리적이고 비판적인 독해력과 자신의 생각을 명확하게 표현하는 작문 능력을 키우는 과목입니다.,담당 선생님께서 입력하실 영역입니다. (예: 수능 대비 전략 등)
국어,언어생활 탐구,"우리말의 구조와 역사, 매체 언어의 특성을 깊이 탐구하는 융합/진로 선택 과목입니다.",담당 선생님께서 입력하실 영역입니다. (예: 수능 대비 전략 등)
국어,주제 탐구 독서,‘주제 탐구 독서’에 관한 기본 지식과 심화 이론을 학습하는 교과목입니다.,담당 선생님께서 입력하실 영역입니다. (예: 수능 대비 전략 등)
국어,문학과 영상,‘문학과 영상’에 관한 기본 지식과 심화 이론을 학습하는 교과목입니다.,담당 선생님께서 입력하실 영역입니다. (예: 수능 대비 전략 등)
국어,독서 토론과 글쓰기,‘독서 토론과 글쓰기’에 관한 기본 지식과 심화 이론을 학습하는 교과목입니다.,담당 선생님께서 입력하실 영역입니다. (예: 수능 대비 전략 등)
수학,공통수학1,"고등학교 수학의 토대가 되는 다항식, 방정식, 함수 등의 기본 개념을 학습하는 공통 필수 과목입니다.",담당 선생님께서 입력하실 영역입니다. (예: 수능 대비 전략 등)
수학,공통수학2,"도형의 방정식, 집합과 명제, 함수 등을 통해 수학적 논리력과 공간 지각력을 키우는 과목입니다.",담당 선생님께서 입력하실 영역입니다. (예: 수능 대비 전략 등)
수학,대수,"지수와 로그, 삼각함수, 수열 등 수학적 함수와 규칙성을 이해하고 활용하는 일반선택 과목입니다.",담당 선생님께서 입력하실 영역입니다. (예: 수능 대비 전략 등)
수학,미적분Ⅰ,"함수의 극한과 연속, 미분과 적분의 개념을 익혀 변화율과 넓이를 수학적으로 분석하는 과목입니다.",담당 선생님께서 입력하실 영역입니다. (예: 수능 대비 전략 등)
수학,확률과 통계,데이터를 수집·분석하는 통계와 무작위 현상의 가능성을 수학적으로 계산하는 방법을 배우는 과목입니다.,담당 선생님께서 입력하실 영역입니다. (예: 수능 대비 전략 등)
수학,기하,"이차곡선, 평면벡터, 공간도형 등을 학습하여 기하학적 직관과 문제를 해결하는 진로선택 과목입니다.",담당 선생님께서 입력하실 영역입니다. (예: 수능 대비 전략 등)
수학,인공지능 수학,‘인공지능 수학’에 관한 기본 지식과 심화 이론을 학습하는 교과목입니다.,담당 선생님께서 입력하실 영역입니다. (예: 수능 대비 전략 등)
수학,경제 수학,‘경제 수학’에 관한 기본 지식과 심화 이론을 학습하는 교과목입니다.,담당 선생님께서 입력하실 영역입니다. (예: 수능 대비 전략 등)
수학,미적분Ⅱ,‘미적분Ⅱ’에 관한 기본 지식과 심화 이론을 학습하는 교과목입니다.,담당 선생님께서 입력하실 영역입니다. (예: 수능 대비 전략 등)
수학,고급 대수,‘고급 대수’에 관한 기본 지식과 심화 이론을 학습하는 교과목입니다.,담당 선생님께서 입력하실 영역입니다. (예: 수능 대비 전략 등)
수학,고급 미적분,‘고급 미적분’에 관한 기본 지식과 심화 이론을 학습하는 교과목입니다.,담당 선생님께서 입력하실 영역입니다. (예: 수능 대비 전략 등)
수학,수학과제 탐구,‘수학과제 탐구’에 관한 기본 지식과 심화 이론을 학습하는 교과목입니다.,담당 선생님께서 입력하실 영역입니다. (예: 수능 대비 전략 등)
영어,공통영어1,실생활 중심의 영어 의사소통 능력을 기르고 글로벌 문화적 소양을 넓히는 공통 필수 과목입니다.,담당 선생님께서 입력하실 영역입니다. (예: 수능 대비 전략 등)
영어,공통영어2,"다양한 주제의 듣기, 읽기, 말하기, 쓰기 활동을 통해 전반적인 영어 유창성을 높이는 과목입니다.",담당 선생님께서 입력하실 영역입니다. (예: 수능 대비 전략 등)
영어,영어Ⅰ,다양한 분야의 텍스트와 담화를 통해 심화된 읽기 및 소통 능력을 기르는 일반선택 과목입니다.,담당 선생님께서 입력하실 영역입니다. (예: 수능 대비 전략 등)
영어,영어Ⅱ,논리적 글쓰기와 심화 독해를 바탕으로 학술적·실무적 양식의 영어 활용력을 극대화하는 과목입니다.,담당 선생님께서 입력하실 영역입니다. (예: 수능 대비 전략 등)
영어,영어 독해와 작문,영어 텍스트를 비판적으로 읽고 논리적인 문장으로 표현하는 작문 기술을 습득하는 과목입니다.,담당 선생님께서 입력하실 영역입니다. (예: 수능 대비 전략 등)
영어,심화 영어,‘심화 영어’에 관한 기본 지식과 심화 이론을 학습하는 교과목입니다.,담당 선생님께서 입력하실 영역입니다. (예: 수능 대비 전략 등)
영어,세계 문화와 영어,‘세계 문화와 영어’에 관한 기본 지식과 심화 이론을 학습하는 교과목입니다.,담당 선생님께서 입력하실 영역입니다. (예: 수능 대비 전략 등)
영어,영미 문학 읽기,‘영미 문학 읽기’에 관한 기본 지식과 심화 이론을 학습하는 교과목입니다.,담당 선생님께서 입력하실 영역입니다. (예: 수능 대비 전략 등)
영어,실생활 영어 회화,‘실생활 영어 회화’에 관한 기본 지식과 심화 이론을 학습하는 교과목입니다.,담당 선생님께서 입력하실 영역입니다. (예: 수능 대비 전략 등)
사회,한국사1,우리나라 역사의 형성과 발전 과정을 이해하고 주체적인 역사관을 형성하는 필수 과목입니다.,담당 선생님께서 입력하실 영역입니다. (예: 수능 대비 전략 등)
사회,한국사2,‘한국사2’에 관한 기본 지식과 심화 이론을 학습하는 교과목입니다.,담당 선생님께서 입력하실 영역입니다. (예: 수능 대비 전략 등)
사회,통합사회1,"시간, 공간, 윤리, 사회 등 다각적 관점에서 현대 사회를 유기적으로 이해하는 공통 필수 과목입니다.",담당 선생님께서 입력하실 영역입니다. (예: 수능 대비 전략 등)
사회,통합사회2,‘통합사회2’에 관한 기본 지식과 심화 이론을 학습하는 교과목입니다.,담당 선생님께서 입력하실 영역입니다. (예: 수능 대비 전략 등)
사회,한국지리 탐구,우리 국토의 자연환경과 인문환경을 이해하고 지역 문제의 합리적 해결책을 모색하는 과목입니다.,담당 선생님께서 입력하실 영역입니다. (예: 수능 대비 전략 등)
사회,사회와 문화,"사회 현상의 탐구 방법과 문화적 다양성, 사회 불평등 등의 현대 사회 이슈를 학습하는 과목입니다.",담당 선생님께서 입력하실 영역입니다. (예: 수능 대비 전략 등)
사회,세계사,인류 문명의 발생부터 현대 세계의 형성까지 전 지구적 역사의 흐름을 통찰하는 과목입니다.,담당 선생님께서 입력하실 영역입니다. (예: 수능 대비 전략 등)
사회,윤리와 사상,동서양의 주요 사상과 윤리 이론을 학습하고 삶의 가치관을 성찰하는 일반선택 과목입니다.,담당 선생님께서 입력하실 영역입니다. (예: 수능 대비 전략 등)
사회,법과 사회,‘법과 사회’에 관한 기본 지식과 심화 이론을 학습하는 교과목입니다.,담당 선생님께서 입력하실 영역입니다. (예: 수능 대비 전략 등)
사회,동아시아 역사 기행,‘동아시아 역사 기행’에 관한 기본 지식과 심화 이론을 학습하는 교과목입니다.,담당 선생님께서 입력하실 영역입니다. (예: 수능 대비 전략 등)
사회,현대사회와 윤리,‘현대사회와 윤리’에 관한 기본 지식과 심화 이론을 학습하는 교과목입니다.,담당 선생님께서 입력하실 영역입니다. (예: 수능 대비 전략 등)
사회,세계시민과 지리,‘세계시민과 지리’에 관한 기본 지식과 심화 이론을 학습하는 교과목입니다.,담당 선생님께서 입력하실 영역입니다. (예: 수능 대비 전략 등)
사회,경제,"희소성과 기회비용, 시장 경제의 원리 및 국가 경제의 지표와 정책을 이해하는 과목입니다.",담당 선생님께서 입력하실 영역입니다. (예: 수능 대비 전략 등)
사회,정치,"민주주의 원리, 정부 형태, 법의 지배 등 현대 민주사회 시민으로서 갖춰야 할 지식을 배웁니다.",담당 선생님께서 입력하실 영역입니다. (예: 수능 대비 전략 등)
사회,역사로 탐구하는 현대 세계,‘역사로 탐구하는 현대 세계’에 관한 기본 지식과 심화 이론을 학습하는 교과목입니다.,담당 선생님께서 입력하실 영역입니다. (예: 수능 대비 전략 등)
사회,여행지리,‘여행지리’에 관한 기본 지식과 심화 이론을 학습하는 교과목입니다.,담당 선생님께서 입력하실 영역입니다. (예: 수능 대비 전략 등)
사회,사회문제 탐구,‘사회문제 탐구’에 관한 기본 지식과 심화 이론을 학습하는 교과목입니다.,담당 선생님께서 입력하실 영역입니다. (예: 수능 대비 전략 등)
사회,윤리문제 탐구,‘윤리문제 탐구’에 관한 기본 지식과 심화 이론을 학습하는 교과목입니다.,담당 선생님께서 입력하실 영역입니다. (예: 수능 대비 전략 등)
사회,기후변화와 지속가능한 세계,‘기후변화와 지속가능한 세계’에 관한 기본 지식과 심화 이론을 학습하는 교과목입니다.,담당 선생님께서 입력하실 영역입니다. (예: 수능 대비 전략 등)
사회,금융과 경제생활,‘금융과 경제생활’에 관한 기본 지식과 심화 이론을 학습하는 교과목입니다.,담당 선생님께서 입력하실 영역입니다. (예: 수능 대비 전략 등)
사회,인문학과 윤리,‘인문학과 윤리’에 관한 기본 지식과 심화 이론을 학습하는 교과목입니다.,담당 선생님께서 입력하실 영역입니다. (예: 수능 대비 전략 등)
과학,통합과학1,"자연의 구성 물질과 시스템, 에너지의 흐름을 융합적으로 이해하는 공동 필수 과학 과목입니다.",담당 선생님께서 입력하실 영역입니다. (예: 수능 대비 전략 등)
과학,통합과학2,‘통합과학2’에 관한 기본 지식과 심화 이론을 학습하는 교과목입니다.,담당 선생님께서 입력하실 영역입니다. (예: 수능 대비 전략 등)
과학,과학탐구실험1,실험과 관찰을 통해 과학적 탐구 능력을 기르고 문제 해결의 즐거움을 직접 체험하는 과목입니다.,담당 선생님께서 입력하실 영역입니다. (예: 수능 대비 전략 등)
과학,과학탐구실험2,‘과학탐구실험2’에 관한 기본 지식과 심화 이론을 학습하는 교과목입니다.,담당 선생님께서 입력하실 영역입니다. (예: 수능 대비 전략 등)
과학,물리학,"역학, 전자기학, 파동 등 자연계의 물리적 법칙과 에너지의 상호작용을 탐구하는 과목입니다.",담당 선생님께서 입력하실 영역입니다. (예: 수능 대비 전략 등)
과학,화학,"물질의 구조와 성질, 화학 반응과 양적 관계를 파헤쳐 분자 수준의 세계를 이해하는 과목입니다.",담당 선생님께서 입력하실 영역입니다. (예: 수능 대비 전략 등)
과학,생명과학,"생명체의 유지 시스템과 유전, 생태계의 상호작용을 통해 생명의 존엄성을 배우는 과목입니다.",담당 선생님께서 입력하실 영역입니다. (예: 수능 대비 전략 등)
과학,지구과학,"지각 변동, 대기와 해양의 순환, 우주의 기원 등 지구와 우주 시스템을 종합 탐구하는 과목입니다.",담당 선생님께서 입력하실 영역입니다. (예: 수능 대비 전략 등)
과학,역학과 에너지,‘역학과 에너지’에 관한 기본 지식과 심화 이론을 학습하는 교과목입니다.,담당 선생님께서 입력하실 영역입니다. (예: 수능 대비 전략 등)
과학,물질과 에너지,‘물질과 에너지’에 관한 기본 지식과 심화 이론을 학습하는 교과목입니다.,담당 선생님께서 입력하실 영역입니다. (예: 수능 대비 전략 등)
과학,세포와 물질대사,‘세포와 물질대사’에 관한 기본 지식과 심화 이론을 학습하는 교과목입니다.,담당 선생님께서 입력하실 영역입니다. (예: 수능 대비 전략 등)
과학,지구시스템과학,‘지구시스템과학’에 관한 기본 지식과 심화 이론을 학습하는 교과목입니다.,담당 선생님께서 입력하실 영역입니다. (예: 수능 대비 전략 등)
과학,전자기와 양자,‘전자기와 양자’에 관한 기본 지식과 심화 이론을 학습하는 교과목입니다.,담당 선생님께서 입력하실 영역입니다. (예: 수능 대비 전략 등)
과학,화학 반응의 세계,‘화학 반응의 세계’에 관한 기본 지식과 심화 이론을 학습하는 교과목입니다.,담당 선생님께서 입력하실 영역입니다. (예: 수능 대비 전략 등)
과학,생물의 유전,‘생물의 유전’에 관한 기본 지식과 심화 이론을 학습하는 교과목입니다.,담당 선생님께서 입력하실 영역입니다. (예: 수능 대비 전략 등)
과학,행성우주과학,‘행성우주과학’에 관한 기본 지식과 심화 이론을 학습하는 교과목입니다.,담당 선생님께서 입력하실 영역입니다. (예: 수능 대비 전략 등)
과학,융합과학 탐구,‘융합과학 탐구’에 관한 기본 지식과 심화 이론을 학습하는 교과목입니다.,담당 선생님께서 입력하실 영역입니다. (예: 수능 대비 전략 등)
과학,고급 물리학,‘고급 물리학’에 관한 기본 지식과 심화 이론을 학습하는 교과목입니다.,담당 선생님께서 입력하실 영역입니다. (예: 수능 대비 전략 등)
과학,고급 화학,‘고급 화학’에 관한 기본 지식과 심화 이론을 학습하는 교과목입니다.,담당 선생님께서 입력하실 영역입니다. (예: 수능 대비 전략 등)
과학,과학의 역사와 문화,‘과학의 역사와 문화’에 관한 기본 지식과 심화 이론을 학습하는 교과목입니다.,담당 선생님께서 입력하실 영역입니다. (예: 수능 대비 전략 등)
과학,기후변화와 환경생태,‘기후변화와 환경생태’에 관한 기본 지식과 심화 이론을 학습하는 교과목입니다.,담당 선생님께서 입력하실 영역입니다. (예: 수능 대비 전략 등)
체육,체육1,‘체육1’에 관한 기본 지식과 심화 이론을 학습하는 교과목입니다.,담당 선생님께서 입력하실 영역입니다. (예: 수능 대비 전략 등)
체육,체육2,‘체육2’에 관한 기본 지식과 심화 이론을 학습하는 교과목입니다.,담당 선생님께서 입력하실 영역입니다. (예: 수능 대비 전략 등)
체육,스포츠 생활1,‘스포츠 생활1’에 관한 기본 지식과 심화 이론을 학습하는 교과목입니다.,담당 선생님께서 입력하실 영역입니다. (예: 수능 대비 전략 등)
체육,스포츠 생활2,‘스포츠 생활2’에 관한 기본 지식과 심화 이론을 학습하는 교과목입니다.,담당 선생님께서 입력하실 영역입니다. (예: 수능 대비 전략 등)
예술,음악,‘음악’에 관한 기본 지식과 심화 이론을 학습하는 교과목입니다.,담당 선생님께서 입력하실 영역입니다. (예: 수능 대비 전략 등)
예술,미술,‘미술’에 관한 기본 지식과 심화 이론을 학습하는 교과목입니다.,담당 선생님께서 입력하실 영역입니다. (예: 수능 대비 전략 등)
정보,정보,컴퓨팅 사고력을 키우고 파이썬 등을 활용한 프로그래밍과 데이터 기초 실무를 습득하는 과목입니다.,담당 선생님께서 입력하실 영역입니다. (예: 수능 대비 전략 등)
정보,소프트웨어와 생활,‘소프트웨어와 생활’에 관한 기본 지식과 심화 이론을 학습하는 교과목입니다.,담당 선생님께서 입력하실 영역입니다. (예: 수능 대비 전략 등)
정보,인공지능 기초,"인공지능의 개념, 데이터 분석 원리, 그리고 AI가 사회에 미치는 영향을 탐색하는 과목입니다.",담당 선생님께서 입력하실 영역입니다. (예: 수능 대비 전략 등)
교양,진로와 직업,자신의 적성과 흥미를 탐색하고 미래 진로 및 직업 세계를 주도적으로 설계하는 교양 과목입니다.,담당 선생님께서 입력하실 영역입니다. (예: 수능 대비 전략 등)
교양,생태와 환경,기후변화와 지구 생태계의 위기를 인식하고 지속 가능한 삶을 위한 환경 소양을 기르는 과목입니다.,담당 선생님께서 입력하실 영역입니다. (예: 수능 대비 전략 등)
